{"epoch": [1, 2, 3, 4, 5, 6, 7, 8, 9, 10, 11, 12, 13, 14, 15, 16, 17, 18, 19, 20, 21, 22, 23, 24, 25, 26, 27, 28, 29, 30, 31, 32, 33, 34, 35, 36, 37, 38, 39, 40, 41, 42, 43, 44, 45, 46, 47, 48, 49, 50, 51, 52, 53, 54, 55, 56, 57, 58, 59, 60], "train_loss": [1.1057482395200904, 0.8529441053639827, 0.7674455916269877, 0.7246333238113666, 0.6905457920891961, 0.6516489669372677, 0.6483158248523174, 0.6285932660628727, 0.5943384808621607, 0.5874072329085195, 0.570781883048657, 0.5698542609911162, 0.5426959439001533, 0.5364952655715403, 0.5121809015147836, 0.48352552019085604, 0.4909251081409326, 0.4720228761012465, 0.47669559537547906, 0.4595943904072496, 0.4418642280161007, 0.4481978216219978, 0.42716866532085057, 0.4404160095473467, 0.43072862071838186, 0.40846891754155706, 0.4061174098787159, 0.4082062549897737, 0.39998907842795534, 0.4046528294935065, 0.40396658720481915, 0.39897088882179693, 0.394750696696066, 0.38561275545062224, 0.39247413405636944, 0.39159368329184335, 0.38559002143367416, 0.377330041194643, 0.3827128812584214, 0.37886232742721865, 0.37655288121637737, 0.37029029494625026, 0.37737598751602636, 0.3793140924998218, 0.3685950613863263, 0.3708133901137057, 0.37685286438545385, 0.3713817061792816, 0.367969494139149, 0.3638630767806323, 0.36859551773897203, 0.3704854646248305, 0.36756354803853003, 0.3718066477681468, 0.37075433906004274, 0.3694145488647676, 0.36666912088295633, 0.3684580760971421, 0.36686461991767805, 0.36715891169981363], "train_acc": [19.726027399031665, 35.65358718542591, 48.62781518405181, 53.37357789573909, 57.794288366002, 61.866728581733426, 63.30160204247695, 66.53355003748412, 69.53796146057142, 71.78082191833964, 73.50824239539081, 75.15672161845394, 77.1906199235387, 79.74460181561096, 80.88228465643343, 83.25052240892937, 84.5878802006998, 85.7766426761327, 87.01184118451113, 87.91270026106665, 89.59368469507532, 90.19735314497848, 91.1400046460834, 90.68028790128737, 92.47736243679098, 92.81170188420218, 93.50824239184803, 94.14441606367939, 94.47411191651128, 95.21708845639411, 95.46784304407818, 95.9043417660244, 96.27583004198856, 96.5637334529114, 96.22475041198376, 96.48479220228901, 96.67982354094374, 97.241699556732, 97.41351288387386, 97.50174135483138, 97.52031576078232, 97.78035755533892, 97.88251683093678, 97.93824007996612, 98.27257951958318, 98.19828186354007, 98.30508474717983, 98.43510564091534, 98.30508474257421, 98.33294636425464, 98.46761086390637, 98.41188762160833, 98.4490364501613, 98.3933132156574, 98.57905734637677, 98.38866961328397, 98.4861852797771, 98.71836544946476, 98.6812166209118, 98.63013698417569], "val_loss": [2.0472036966463416, 1.7729140352787456, 1.5942146668118466, 1.5127262086236934, 1.4531254083188154, 1.4371789253048781, 1.3839949912891987, 1.340688425522648, 1.3791962924651568, 1.3940019327090591, 1.3368117105836237, 1.3739466735627177, 1.321082044860627, 1.3266281032229965, 1.3689054333623694, 1.3429147158101045, 1.3833486226045295, 1.367373557273519, 1.3560829976045297, 1.3750481816202091, 1.37518918771777, 1.36765012521777, 1.3509346417682926, 1.379362886541812, 1.3462940984320557, 1.3654579976045296, 1.3691426665940767, 1.3808720328832753, 1.3593389318379792, 1.387841762848432, 1.3848335420296167, 1.386567399825784, 1.3837495916811846, 1.3886765026132404, 1.3799510017421603, 1.3845968532229964, 1.3948977841898955, 1.3760269218205574, 1.3844129736498259, 1.3772853604094077, 1.378712162456446, 1.3730806293554008, 1.380935050087108, 1.3673350391986063, 1.3799896559233449, 1.3765558307926828, 1.3848001959930314, 1.3752734375, 1.383181211890244, 1.379456119337979, 1.3743543118466899, 1.382145987587108, 1.378564351045296, 1.3751065712108015, 1.3765401785714286, 1.3813252667682927, 1.3738888283972126, 1.3719938207752613, 1.379580656576655, 1.380987587108014], "val_acc": [13.574912891986063, 34.41114982578397, 42.4808362369338, 45.99303135888502, 48.83623693379791, 50.13240418118466, 52.404181184668985, 54.64808362369338, 53.407665505226475, 52.961672473867594, 55.60975609756098, 54.77351916376306, 57.12891986062718, 56.710801393728225, 56.23693379790941, 57.61672473867596, 54.89895470383275, 56.83623693379791, 58.076655052264805, 57.811846689895475, 57.588850174216034, 58.02090592334495, 59.02439024390244, 57.184668989547035, 59.12195121951219, 58.09059233449477, 58.717770034843205, 58.09059233449477, 58.70383275261324, 57.95121951219512, 57.965156794425084, 58.84320557491289, 58.31358885017421, 57.825783972125436, 58.62020905923345, 58.2020905923345, 58.508710801393725, 58.66202090592334, 58.1184668989547, 58.717770034843205, 58.257839721254356, 58.67595818815331, 57.937282229965156, 58.42508710801394, 58.731707317073166, 57.97909407665506, 57.95121951219512, 58.32752613240418, 58.076655052264805, 58.18815331010453, 58.32752613240418, 57.77003484320558, 58.285714285714285, 57.97909407665506, 58.076655052264805, 57.853658536585364, 58.14634146341463, 58.14634146341463, 57.742160278745644, 58.062717770034844]}