{"epoch": [1, 2, 3, 4, 5, 6, 7, 8, 9, 10, 11, 12, 13, 14, 15, 16, 17, 18, 19, 20, 21, 22, 23, 24, 25, 26, 27, 28, 29, 30, 31, 32, 33, 34, 35, 36, 37, 38, 39, 40, 41, 42, 43, 44, 45, 46, 47, 48, 49, 50, 51, 52, 53, 54, 55, 56, 57, 58, 59, 60, 61, 62, 63, 64, 65, 66, 67, 68, 69, 70, 71, 72, 73, 74, 75, 76, 77, 78, 79, 80, 81, 82, 83, 84, 85, 86, 87, 88, 89, 90, 91, 92, 93, 94, 95, 96, 97, 98, 99, 100], "train_loss": [1.3448726857950928, 0.8499563161725585, 0.6913948016001034, 0.6190982107096024, 0.5678469851829939, 0.5389914645311839, 0.5203317061885068, 0.5032311156275461, 0.4955004985729231, 0.48559135800932984, 0.48096922829042915, 0.4796588757912204, 0.4736337303059116, 0.470593211799587, 0.46929164650565447, 0.46624908259893066, 0.4641081357387009, 0.46204138258544364, 0.46200280367913166, 0.46425857826016653, 0.46173363141619983, 0.46230186856778105, 0.4608808167888502, 0.4585803667169557, 0.45785756914873643, 0.4575668396459558, 0.45736349479301547, 0.45845708427194776, 0.4584591332319889, 0.4611199402564554, 0.4599274077997715, 0.45843133073447406, 0.45667869777268566, 0.45342752930563957, 0.45332382863920206, 0.4538711258470347, 0.4535382237620767, 0.4526752944480681, 0.45358974298904187, 0.4521733455093657, 0.45202926059068294, 0.4501776930807242, 0.4519442949170208, 0.4517460972417129, 0.45098795626127985, 0.450067594851397, 0.4500502790429704, 0.4502459126623737, 0.45214923761041287, 0.4506609149777754, 0.45003471209771573, 0.4491900366034303, 0.44870210370101676, 0.4487579739082266, 0.4483848246758018, 0.4482122050295568, 0.4482783097521285, 0.4481496522369667, 0.44761484328122475, 0.44758465556059995, 0.44758374334926215, 0.44737022533961673, 0.4472780547512724, 0.44715730365634626, 0.4471747143690342, 0.44727660701533994, 0.4471256278525487, 0.44714259981406274, 0.4470835983449454, 0.44698182710168505, 0.44696690387587334, 0.44696180331009366, 0.4469574509232644, 0.4469893332438645, 0.44685927235230066, 0.44686432950950833, 0.44693564524701557, 0.4468252066510056, 0.44692929610557897, 0.44678224405961886, 0.44671813888695605, 0.44668004858864263, 0.44664372802396146, 0.4465975673534295, 0.44661758070730917, 0.44665757310214577, 0.4467040981277335, 0.44661574181080804, 0.44664494584832287, 0.4466227779492299, 0.4466143375499551, 0.44661448820738026, 0.4465761933328945, 0.4465680359916565, 0.44659494932120397, 0.44657746480997296, 0.44657105730966695, 0.4466122447088407, 0.4465708461899477, 0.44655486333935224], "train_acc": [56.420077948631715, 82.32022116123326, 89.98101456643454, 93.41837924359716, 96.02971056337277, 97.21879892718033, 97.90160876483344, 98.65103421523968, 98.81424241414915, 99.20394364320687, 99.383805747147, 99.36382107864439, 99.56366786099773, 99.64360656829764, 99.68357592512407, 99.67691437378478, 99.75685307930587, 99.7968224361323, 99.77017619646918, 99.73686840902444, 99.79016088479301, 99.74686073832044, 99.75685308743765, 99.84678413216534, 99.84678413216534, 99.8434533524298, 99.8068147834707, 99.79349166452855, 99.78349931541132, 99.7235452819505, 99.7235452819505, 99.74352996036372, 99.82679945375213, 99.93671518502481, 99.89341504846284, 99.8700995903141, 99.8800919295207, 99.906738167405, 99.88342270925624, 99.91339972687607, 99.93005362555374, 99.9633614229091, 99.91339972687607, 99.9167305066116, 99.93338440528927, 99.9633614229091, 99.95003830396696, 99.93005362377491, 99.90007660793391, 99.91339972687607, 99.93338440528927, 99.98667688105786, 99.9733537621157, 99.98001532158678, 99.97002298238017, 99.98667688105786, 99.97668454185124, 99.98334610132233, 99.99666922026447, 100.0, 99.9900076607934, 99.99666922026447, 99.99333844052893, 99.99666922026447, 100.0, 99.99666922026447, 99.99666922026447, 99.9900076607934, 100.0, 99.99666922026447, 99.99333844052893, 99.99333844052893, 99.99666922026447, 99.99666922026447, 100.0, 99.99333844052893, 99.99333844052893, 100.0, 99.99333844052893, 99.99666922026447, 100.0, 100.0, 100.0, 100.0, 100.0, 99.99666922839626, 99.99666922026447, 100.0, 99.99666922026447, 100.0, 100.0, 100.0, 100.0, 100.0, 100.0, 100.0, 100.0, 99.99666922026447, 100.0, 100.0], "val_loss": [0.8753857317763859, 0.5676283195837221, 0.6496274903384861, 0.4114278699797608, 0.2994753384132629, 0.3006791234778951, 0.28139858611865337, 0.2504489630270106, 0.261354279670634, 0.22814788493012061, 0.22618050971773387, 0.23158298321624302, 0.2228001673846865, 0.21358969877523654, 0.2030368471450643, 0.19509814492166677, 0.19493039584617372, 0.2042187363354128, 0.18273506083213953, 0.22054850368865772, 0.1934225737158932, 0.1883774454405567, 0.20450320376007797, 0.1861899077002682, 0.18857870528947063, 0.19094645290740772, 0.20260044252440365, 0.19380339274782615, 0.188396819873151, 0.1879813025500983, 0.1931930086505947, 0.20297444553009228, 0.19976068102220482, 0.18506436866483708, 0.17602983161584654, 0.18318488602953426, 0.18623916528372367, 0.18032557115371803, 0.20025319178729678, 0.18326802853582255, 0.1746743696330707, 0.17899708046333623, 0.17245284936575492, 0.17807042624142125, 0.19080909127111373, 0.16671261655242203, 0.16920145844091486, 0.20796358153255765, 0.17498136735928338, 0.17419319722189833, 0.17580438219407982, 0.16265472216900986, 0.17713513404829925, 0.1665548231047608, 0.18594703592979578, 0.169160985234958, 0.16716561388613574, 0.16947372534127633, 0.1646674995991721, 0.16602868769468784, 0.16438818892944596, 0.16472594824426973, 0.16613849241342118, 0.1645138543297741, 0.166634614533707, 0.16671108742004265, 0.1688923134224247, 0.17038432367320763, 0.16568832560134594, 0.164938497645006, 0.16549942895039313, 0.16562968174785947, 0.16382865661751234, 0.1634193696955374, 0.16862643959679838, 0.1670021268604661, 0.16611462818788314, 0.16565021116342118, 0.16541765290282684, 0.16523773583776152, 0.16509204531020955, 0.16541775050702126, 0.16473217864534748, 0.1650004763084688, 0.16265034624762625, 0.16556417306603144, 0.1657162404009528, 0.1636634289837087, 0.16344668260261194, 0.16403840803134162, 0.16398189520276685, 0.1629369609645689, 0.16263715341401253, 0.1632112450182819, 0.16465677940515058, 0.1646536398035631, 0.16521300944183936, 0.16528713982750867, 0.16305590794284716, 0.1634302200284848],